"Order ID","Tour Name","Contact Name","Contact Email","Contact Number","Customer's Note","Booking Date","Travel Date","Total Price","Payment Status","Link To Transaction"
#18,"Switzerland – 7 Days in Zurich, Zermatt","test test",nao.null@gmail.com,"This is an additional note's","April 18, 2018","April 18, 2018",$124.17,Pending,http://localhost/traveltour/wp-admin/admin.php?tour_id&page=tourmaster_order&single=18
#17,"Dubai – All Stunning Places","test test",nao.null@gmail.com,,"April 17, 2018","April 20, 2018",$50.00,Pending,http://localhost/traveltour/wp-admin/admin.php?tour_id&page=tourmaster_order&single=17
#16,"Finland –  Helsinki, Santa Claus Town","test test",nao.null@gmail.com,,"April 17, 2018","February 5, 2022","$6,000.00",Pending,http://localhost/traveltour/wp-admin/admin.php?tour_id&page=tourmaster_order&single=16
#15,"Japan – 5 Days in Tokyo, Fujikawa","test test",nao.null@gmail.com,,"April 17, 2018","April 17, 2018","$8,480.00",Pending,http://localhost/traveltour/wp-admin/admin.php?tour_id&page=tourmaster_order&single=15
#14,"Dubai – All Stunning Places","test test",nao.null@gmail.com,,"April 17, 2018","April 21, 2018","$3,687.00",Pending,http://localhost/traveltour/wp-admin/admin.php?tour_id&page=tourmaster_order&single=14
#13,"Japan – 5 Days in Tokyo, Fujikawa","test test",nao.null@gmail.com,,"February 22, 2018","February 23, 2018","$2,620.00",Pending,http://localhost/traveltour/wp-admin/admin.php?tour_id&page=tourmaster_order&single=13
#12,"Finland –  Helsinki, Santa Claus Town","test test",nao.null@gmail.com,,"February 14, 2018","February 5, 2022","$3,675.00",Pending,http://localhost/traveltour/wp-admin/admin.php?tour_id&page=tourmaster_order&single=12
#11,"Finland –  Helsinki, Santa Claus Town","test test",nao.null@gmail.com,,"February 13, 2018","February 5, 2022","$3,710.00","Online Paid",http://localhost/traveltour/wp-admin/admin.php?tour_id&page=tourmaster_order&single=11
#10,"Finland –  Helsinki, Santa Claus Town","test test",nao.null@gmail.com,,"February 13, 2018","February 5, 2022","$3,500.00","Deposit Paid",http://localhost/traveltour/wp-admin/admin.php?tour_id&page=tourmaster_order&single=10
#9,"Finland –  Helsinki, Santa Claus Town","test test",nao.null@gmail.com,,"February 13, 2018","February 5, 2022","$3,500.00","Deposit Paid",http://localhost/traveltour/wp-admin/admin.php?tour_id&page=tourmaster_order&single=9
#8,"Finland –  Helsinki, Santa Claus Town","test test",nao.null@gmail.com,,"February 13, 2018","February 5, 2022","$3,529.00",Pending,http://localhost/traveltour/wp-admin/admin.php?tour_id&page=tourmaster_order&single=8
#7,"Finland –  Helsinki, Santa Claus Town","test test",nao.null@gmail.com,,"February 13, 2018","February 5, 2022","$3,529.00",Pending,http://localhost/traveltour/wp-admin/admin.php?tour_id&page=tourmaster_order&single=7
#6,"Finland –  Helsinki, Santa Claus Town","test test",nao.null@gmail.com,,"February 13, 2018","February 5, 2022","$3,529.00",Pending,http://localhost/traveltour/wp-admin/admin.php?tour_id&page=tourmaster_order&single=6
#5,"Switzerland – 7 Days in Zurich, Zermatt","test test",nao.null,,"December 27, 2017","December 27, 2017",$45.99,"Receipt Submitted",http://localhost/traveltour/wp-admin/admin.php?tour_id&page=tourmaster_order&single=5
#4,"Switzerland – 7 Days in Zurich, Zermatt","test test",nao.null@gmail.com,,"December 22, 2017","December 23, 2017",$45.99,Pending,http://localhost/traveltour/wp-admin/admin.php?tour_id&page=tourmaster_order&single=4
#3,"Switzerland – 7 Days in Zurich, Zermatt","test test",nao.null@gmail.com,,"December 22, 2017","December 23, 2017",$45.99,Pending,http://localhost/traveltour/wp-admin/admin.php?tour_id&page=tourmaster_order&single=3
#2,"Japan – 5 Days in Tokyo, Fujikawa","test test",nao.null@gmail.com,,"December 6, 2017","December 15, 2017",$141.70,Pending,http://localhost/traveltour/wp-admin/admin.php?tour_id&page=tourmaster_order&single=2
#1,"Dubai – All Stunning Places","test test",nao.null@gmail.com,,"December 4, 2017","December 4, 2017","$1,339.61",Pending,http://localhost/traveltour/wp-admin/admin.php?tour_id&page=tourmaster_order&single=1
